

--JABATAN
INSERT INTO JABATAN VALUES('J01','RESEPSIONIS',8000000);
INSERT INTO JABATAN VALUES('J02','DOKTER',12000000);
INSERT INTO JABATAN VALUES('J03','SUSTER',8000000);
INSERT INTO JABATAN VALUES('J04','APOTEKER',8000000);
INSERT INTO JABATAN VALUES('J05','KASIR',5000000);
INSERT INTO JABATAN VALUES('J06','WAREHOUSE',8000000);

--RUANG KANTOR
INSERT INTO RUANG VALUES('R0001','K101','KANTOR',0,'OPEN','KANTOR GRUP A LANTAI 1');
INSERT INTO RUANG VALUES('R0002','K102','KANTOR',0,'OPEN','KANTOR GRUP B LANTAI 1');
INSERT INTO RUANG VALUES('R0003','K201','KANTOR',0,'OPEN','KANTOR GRUP A LANTAI 2');
INSERT INTO RUANG VALUES('R0004','K201','KANTOR',0,'OPEN','KANTOR GRUP B LANTAI 2');
INSERT INTO RUANG VALUES('R0005','K301','KANTOR',0,'OPEN','KANTOR GRUP A LANTAI 3');
INSERT INTO RUANG VALUES('R0006','K301','KANTOR',0,'OPEN','KANTOR GRUP B LANTAI 3');
--RUANG KAMAR
INSERT INTO RUANG VALUES('R0007','R101','KAMAR',150000,'OPEN','GROUP 6');
INSERT INTO RUANG VALUES('R0008','R102','KAMAR',150000,'OPEN','GROUP 6');
INSERT INTO RUANG VALUES('R0009','R103','KAMAR',150000,'OPEN','GROUP 6');
INSERT INTO RUANG VALUES('R0007','R104','KAMAR',150000,'OPEN','GROUP 6');
INSERT INTO RUANG VALUES('R0008','R105','KAMAR',150000,'OPEN','GROUP 6');
INSERT INTO RUANG VALUES('R0009','R106','KAMAR',150000,'OPEN','GROUP 6');
INSERT INTO RUANG VALUES('R0010','R201','KAMAR',150000,'OPEN','GROUP 6');
INSERT INTO RUANG VALUES('R0011','R202','KAMAR',150000,'OPEN','GROUP 6');
INSERT INTO RUANG VALUES('R0012','R203','KAMAR',150000,'OPEN','GROUP 6');
INSERT INTO RUANG VALUES('R0013','R204','KAMAR',150000,'OPEN','GROUP 6');
INSERT INTO RUANG VALUES('R0014','R205','KAMAR',150000,'OPEN','GROUP 6');
INSERT INTO RUANG VALUES('R0015','R206','KAMAR',150000,'OPEN','GROUP 6');
INSERT INTO RUANG VALUES('R0016','R207','KAMAR',150000,'OPEN','GROUP 6');
INSERT INTO RUANG VALUES('R0017','R208','KAMAR',150000,'OPEN','GROUP 6');
INSERT INTO RUANG VALUES('R0018','R209','KAMAR',150000,'OPEN','GROUP 6');
INSERT INTO RUANG VALUES('R0019','R210','KAMAR',150000,'OPEN','GROUP 6');
INSERT INTO RUANG VALUES('R0020','R211','KAMAR',150000,'OPEN','GROUP 6');
INSERT INTO RUANG VALUES('R0021','R212','KAMAR',150000,'OPEN','GROUP 6');
INSERT INTO RUANG VALUES('R0022','R213','KAMAR',180000,'OPEN','GROUP 4');
INSERT INTO RUANG VALUES('R0023','R214','KAMAR',180000,'OPEN','GROUP 4');
INSERT INTO RUANG VALUES('R0024','R215','KAMAR',180000,'OPEN','GROUP 4');
INSERT INTO RUANG VALUES('R0025','R216','KAMAR',180000,'OPEN','GROUP 4');
INSERT INTO RUANG VALUES('R0026','R301','KAMAR',250000,'OPEN','PERSONAL SMALL');
INSERT INTO RUANG VALUES('R0027','R302','KAMAR',250000,'OPEN','PERSONAL SMALL');
INSERT INTO RUANG VALUES('R0028','R303','KAMAR',250000,'OPEN','PERSONAL SMALL');
INSERT INTO RUANG VALUES('R0029','R304','KAMAR',250000,'OPEN','PERSONAL SMALL');
INSERT INTO RUANG VALUES('R0030','R305','KAMAR',250000,'OPEN','PERSONAL SMALL');
INSERT INTO RUANG VALUES('R0031','R306','KAMAR',250000,'OPEN','PERSONAL SMALL');
INSERT INTO RUANG VALUES('R0032','R307','KAMAR',320000,'OPEN','PERSONAL BIG');
INSERT INTO RUANG VALUES('R0033','R308','KAMAR',320000,'OPEN','PERSONAL BIG');
INSERT INTO RUANG VALUES('R0034','R309','KAMAR',320000,'OPEN','PERSONAL BIG');
INSERT INTO RUANG VALUES('R0035','R401','KAMAR',500000,'OPEN','PERSONAL VIP');
INSERT INTO RUANG VALUES('R0036','R402','KAMAR',500000,'OPEN','PERSONAL VIP');
INSERT INTO RUANG VALUES('R0037','R403','KAMAR',500000,'OPEN','PERSONAL VIP');
--RUANG SPESIALIS
INSERT INTO RUANG VALUES('R0038','S301','PRAKTEK',0,'OPEN','SPESIALIS GIGI');
INSERT INTO RUANG VALUES('R0039','S302','PRAKTEK',0,'OPEN','SPESIALIS KARDIOVASKULAR');
INSERT INTO RUANG VALUES('R0040','S303','PRAKTEK',0,'OPEN','SPESIALIS ENDOKRINOLOGI');
INSERT INTO RUANG VALUES('R0041','S304','PRAKTEK',0,'OPEN','SPESIALIS THT');
INSERT INTO RUANG VALUES('R0042','S305','PRAKTEK',0,'OPEN','SPESIALIS GINEKOLOGI');
INSERT INTO RUANG VALUES('R0043','S306','PRAKTEK',0,'OPEN','SPESIALIS TULANG');
INSERT INTO RUANG VALUES('R0044','S401','PRAKTEK',0,'OPEN','SPESIALIS ANAK');
INSERT INTO RUANG VALUES('R0045','S402','PRAKTEK',0,'OPEN','SPESIALIS PSIKIATER');
INSERT INTO RUANG VALUES('R0046','S403','PRAKTEK',0,'OPEN','SPESIALIS SARAF');
INSERT INTO RUANG VALUES('R0047','S404','PRAKTEK',0,'OPEN','SPESIALIS KULIT DAN KELAMIN');
INSERT INTO RUANG VALUES('R0048','S405','PRAKTEK',0,'OPEN','SPESIALIS ONKOLOGI');
INSERT INTO RUANG VALUES('R0049','S406','PRAKTEK',0,'OPEN','SPESIALIS PULMONOLOGIST');

--PERAWATAN
INSERT INTO PERAWATAN VALUES('XS001','GIGI','spesialis ini fokus dengan masalah dan kesehatan isi mulut',100000,'PRIMARY');
INSERT INTO PERAWATAN VALUES('XS002','KARDIOVASKULAR','spesialis untuk menangani masalah jantung dan pembuluh darah',640000,'PRIMARY');
INSERT INTO PERAWATAN VALUES('XS003','ENDOKRINOLOGI','spesialis yang mempelajari kelenjar endokrin pada manusia dan vertebrata lainnya, khususnya mengenai hormon yang dihasilkan dan pengaruhnya.',450000,'PRIMARY');
INSERT INTO PERAWATAN VALUES('XS004','THT','THT merupakan kepanjangan dari telinga, hidung, dan tenggorokan',100000,'PRIMARY');
INSERT INTO PERAWATAN VALUES('XS005','GINEKOLOGI','segala macam masalah reproduksi wanita bisa dikonsultasikan pada ginekolog',250000,'PRIMARY');
INSERT INTO PERAWATAN VALUES('XS006','ORTOPEDI','bagi orang-orang yang memiliki masalah dengan tulangnya, mereka perlu berkonsultasi dengan dokter ortopedi. Masalah seperti tulang retak, lemah, dan osteoporosis akan ditangani dengan tepat oleh dokter tersebut',350000,'PRIMARY');
INSERT INTO PERAWATAN VALUES('XS007','ANAK','punya anak yang sering sakit-sakitan? Coba bawa ke dokter anak demi mendapat perawatan terbaik untuk anak',80000,'PRIMARY');
INSERT INTO PERAWATAN VALUES('XS008','PSIKIATER','Psikiater termasuk dokter spesialis untuk masalah mental. Berbagai diagnosis, terapi, dan konseling bisa dilakukan oleh psikiater',350000,'PRIMARY');
INSERT INTO PERAWATAN VALUES('XS009','SARAF','Dokter ahli saraf fokus pada sistem saraf manusia, termasuk di dalamnya otak dan saraf tulang belakang',250000,'PRIMARY');
INSERT INTO PERAWATAN VALUES('XS010','KULIT DAN KELAMIN','Dokter kulit dan kelamin, adalah dokter yang akan menangani kesehatan kulit dan kelamin Anda',420000,'PRIMARY');
INSERT INTO PERAWATAN VALUES('XS011','ONKOLOGI','dokter spesialis yang menangani diagnosis dan pengobatan kanker',650000,'PRIMARY');
INSERT INTO PERAWATAN VALUES('XS012','PULMONOLOGIST','spesialisasi medis yang berhubungan dengan penyakit yang melibatkan saluran pernapasan',300000,'PRIMARY');

--PEGAWAI
INSERT INTO PEGAWAI VALUES('PM000','MING','MING CHUN','B','081287344541',TO_DATE('09/11/1996','DD/MM/YYYY'),'BARUK TENGAH IV/12','1234567890123456','J01','R0001','KRISTEN','L','123456789012345','TEDJO KI','087732455601');
INSERT INTO PEGAWAI VALUES('PM001','MICHAEL','MICHAEL TENOYO','B','081287344541',TO_DATE('09/11/1996','DD/MM/YYYY'),'BARUK TENGAH IV/12','1234567890123456','J02','R0001','KRISTEN','L','123456789012345','TEDJO KI','087732455601');
INSERT INTO PEGAWAI VALUES('PC000','CLINTON','CLINTON ROONEY','B','081287344541',TO_DATE('09/11/1996','DD/MM/YYYY'),'BARUK TENGAH IV/12','1234567890123456','J03','R0002','KRISTEN','L','123456789012345','TEDJO KI','087732455601');
INSERT INTO PEGAWAI VALUES('PE000','EDWARD','EDWARD CHEN','B','081287344541',TO_DATE('09/11/1996','DD/MM/YYYY'),'BARUK TENGAH IV/12','1234567890123456','J04','R0002','KRISTEN','L','123456789012345','TEDJO KI','087732455601');
INSERT INTO PEGAWAI VALUES('PG000','GERARD','GERARD BUTLER','B','081287344541',TO_DATE('09/11/1996','DD/MM/YYYY'),'BARUK TENGAH IV/12','1234567890123456','J05','R0003','KRISTEN','L','123456789012345','TEDJO KI','087732455601');
INSERT INTO PEGAWAI VALUES('PL000','LILY','LILY EDMUND','B','081287344541',TO_DATE('09/11/1996','DD/MM/YYYY'),'BARUK TENGAH IV/12','1234567890123456','J06','R0003','KRISTEN','L','123456789012345','TEDJO KI','087732455601');

--SHIFT SPESIALIS
INSERT INTO SHIFT_SPESIALIS VALUES('PM001','XS001',TO_DATE('09:00:00','HH24:MI:SS'),TO_DATE('12:00:00','HH24:MI:SS'),'R0038','XS001001',100000,'MONDAY');
INSERT INTO SHIFT_SPESIALIS VALUES('PM001','XS002',TO_DATE('09:00:00','HH24:MI:SS'),TO_DATE('12:00:00','HH24:MI:SS'),'R0039','XS002001',100000,'MONDAY');
INSERT INTO SHIFT_SPESIALIS VALUES('PM001','XS003',TO_DATE('09:00:00','HH24:MI:SS'),TO_DATE('12:00:00','HH24:MI:SS'),'R0040','XS003001',100000,'MONDAY');
INSERT INTO SHIFT_SPESIALIS VALUES('PM001','XS004',TO_DATE('09:00:00','HH24:MI:SS'),TO_DATE('12:00:00','HH24:MI:SS'),'R0041','XS004001',100000,'MONDAY');
INSERT INTO SHIFT_SPESIALIS VALUES('PM001','XS005',TO_DATE('09:00:00','HH24:MI:SS'),TO_DATE('12:00:00','HH24:MI:SS'),'R0042','XS005001',100000,'MONDAY');
INSERT INTO SHIFT_SPESIALIS VALUES('PM001','XS006',TO_DATE('09:00:00','HH24:MI:SS'),TO_DATE('12:00:00','HH24:MI:SS'),'R0043','XS006001',100000,'MONDAY');
INSERT INTO SHIFT_SPESIALIS VALUES('PM001','XS007',TO_DATE('09:00:00','HH24:MI:SS'),TO_DATE('12:00:00','HH24:MI:SS'),'R0044','XS007001',100000,'MONDAY');
INSERT INTO SHIFT_SPESIALIS VALUES('PM001','XS008',TO_DATE('09:00:00','HH24:MI:SS'),TO_DATE('12:00:00','HH24:MI:SS'),'R0045','XS008001',100000,'MONDAY');
INSERT INTO SHIFT_SPESIALIS VALUES('PM001','XS009',TO_DATE('09:00:00','HH24:MI:SS'),TO_DATE('12:00:00','HH24:MI:SS'),'R0046','XS009001',100000,'MONDAY');
INSERT INTO SHIFT_SPESIALIS VALUES('PM001','XS010',TO_DATE('09:00:00','HH24:MI:SS'),TO_DATE('12:00:00','HH24:MI:SS'),'R0047','XS010001',100000,'MONDAY');
INSERT INTO SHIFT_SPESIALIS VALUES('PM001','XS011',TO_DATE('09:00:00','HH24:MI:SS'),TO_DATE('12:00:00','HH24:MI:SS'),'R0048','XS011001',100000,'MONDAY');
INSERT INTO SHIFT_SPESIALIS VALUES('PM001','XS012',TO_DATE('09:00:00','HH24:MI:SS'),TO_DATE('12:00:00','HH24:MI:SS'),'R0049','XS012001',100000,'MONDAY');

--SUPPLY
INSERT INTO SUPPLY VALUES('SO000','KANTONG DARAH A 350CC','-',360000,'DONOR','UNIT');
INSERT INTO SUPPLY VALUES('SO001','KANTONG DARAH A 450CC','-',360000,'DONOR','UNIT');
INSERT INTO SUPPLY VALUES('SO002','KANTONG DARAH A 600CC','-',360000,'DONOR','UNIT');
INSERT INTO SUPPLY VALUES('SO003','KANTONG DARAH B 350CC','-',360000,'DONOR','UNIT');
INSERT INTO SUPPLY VALUES('SO004','KANTONG DARAH B 450CC','-',360000,'DONOR','UNIT');
INSERT INTO SUPPLY VALUES('SO005','KANTONG DARAH B 600CC','-',360000,'DONOR','UNIT');
INSERT INTO SUPPLY VALUES('SO006','KANTONG DARAH O 350CC','-',360000,'DONOR','UNIT');
INSERT INTO SUPPLY VALUES('SO007','KANTONG DARAH O 450CC','-',360000,'DONOR','UNIT');
INSERT INTO SUPPLY VALUES('SO008','KANTONG DARAH O 600CC','-',360000,'DONOR','UNIT');
INSERT INTO SUPPLY VALUES('SO009','KANTONG DARAH AB 350CC','-',360000,'DONOR','UNIT');
INSERT INTO SUPPLY VALUES('SO010','KANTONG DARAH AB 450CC','-',360000,'DONOR','UNIT');
INSERT INTO SUPPLY VALUES('SO011','KANTONG DARAH AB 600CC','-',360000,'DONOR','UNIT');

COMMIT;


